{"cameraMode":{"drawMode":0,"name":"Shaded","section":"Shading Mode"},"sceneLighting":true,"audioPlay":false,"sceneViewState":{"m_AlwaysRefresh":false,"showFog":true,"showSkybox":true,"showFlares":true,"showImageEffects":true,"showParticleSystems":true,"showVisualEffectGraphs":true,"m_FxEnabled":true},"in2DMode":false,"pivot":{"x":124.13125610351563,"y":54.640560150146487,"z":56.360225677490237},"rotation":{"x":-0.3423243463039398,"y":0.22405587136745454,"z":-0.0844423919916153,"w":-0.9086240530014038},"size":1.8339745998382569,"orthographic":false}