{"cameraMode":{"drawMode":0,"name":"Shaded","section":"Shading Mode"},"sceneLighting":true,"audioPlay":false,"sceneViewState":{"m_AlwaysRefresh":false,"showFog":true,"showSkybox":true,"showFlares":true,"showImageEffects":true,"showParticleSystems":true,"showVisualEffectGraphs":true,"m_FxEnabled":true},"in2DMode":false,"pivot":{"x":47.96165084838867,"y":55.91535186767578,"z":123.90756225585938},"rotation":{"x":0.24596711993217469,"y":0.38619425892829897,"z":-0.10761608183383942,"w":0.8824989795684815},"size":56.55411148071289,"orthographic":false}