{"cameraMode":{"drawMode":0,"name":"Shaded","section":"Shading Mode"},"sceneLighting":true,"audioPlay":false,"sceneViewState":{"m_AlwaysRefresh":false,"showFog":true,"showSkybox":true,"showFlares":true,"showImageEffects":true,"showParticleSystems":true,"showVisualEffectGraphs":true,"m_FxEnabled":true},"in2DMode":false,"pivot":{"x":327.4968566894531,"y":219.95167541503907,"z":47.755008697509769},"rotation":{"x":0.057260025292634967,"y":-0.027822494506835939,"z":0.0017080912366509438,"w":0.9980536103248596},"size":304.8468017578125,"orthographic":false}