{"cameraMode":{"drawMode":0,"name":"Shaded","section":"Shading Mode"},"sceneLighting":true,"audioPlay":false,"sceneViewState":{"m_AlwaysRefresh":false,"showFog":true,"showSkybox":true,"showFlares":true,"showImageEffects":true,"showParticleSystems":true,"showVisualEffectGraphs":true,"m_FxEnabled":true},"in2DMode":false,"pivot":{"x":69.09708404541016,"y":37.506446838378909,"z":73.23678588867188},"rotation":{"x":0.29132887721061709,"y":-0.3143947124481201,"z":0.10211841017007828,"w":0.8977742195129395},"size":0.8660253882408142,"orthographic":false}