{"cameraMode":{"drawMode":0,"name":"Shaded","section":"Shading Mode"},"sceneLighting":true,"audioPlay":false,"sceneViewState":{"m_AlwaysRefresh":false,"showFog":true,"showSkybox":true,"showFlares":true,"showImageEffects":true,"showParticleSystems":true,"showVisualEffectGraphs":true,"m_FxEnabled":true},"in2DMode":false,"pivot":{"x":-1.1033406257629395,"y":0.16766376793384553,"z":-0.22729814052581788},"rotation":{"x":0.03463196009397507,"y":0.40061476826667788,"z":-0.015149526298046112,"w":0.9154744744300842},"size":1.4660253524780274,"orthographic":false}