{"cameraMode":{"drawMode":0,"name":"Shaded","section":"Shading Mode"},"sceneLighting":true,"audioPlay":false,"sceneViewState":{"m_AlwaysRefresh":false,"showFog":true,"showSkybox":true,"showFlares":true,"showImageEffects":true,"showParticleSystems":true,"showVisualEffectGraphs":true,"m_FxEnabled":true},"in2DMode":false,"pivot":{"x":100.82365417480469,"y":22.328311920166017,"z":70.74785614013672},"rotation":{"x":-0.10419726371765137,"y":0.49269384145736697,"z":-0.059579282999038699,"w":-0.8619563579559326},"size":1.6490752696990967,"orthographic":false}